chunk_url;chunk_number;chunk_id;chunk_name;chunk_content
https://www.ing.be/nl/particulieren/kinderen;1;69;69.3735597019848900025.txt;"# Bankieren voor je kind - ING België - De bank voor je kind

Stel de financiële toekomst van je kind veilig met de juiste tools en tips.

## Van 8 tot 17 jaar: Go to 18, de gratis zichtrekening van je kind

* **Het ING Go to 18-pack voor kinderen tussen 8 en 17 jaar:** een handig pakket met daarin een debetkaart voor betalingen, geldopname in euro (SEPA) en instantoverschrijvingen.
* **Dankzij de feature ‘overzicht kinderen’ houd je een oogje in het zeil via de ING Banking-app :** Je bepaalt limieten voor uitgaven en opnames om het geld van je kind de beschermen. Je kunt bovendien ook de recente transacties checken om ze zeker van te zijn dat alles goed verloopt.
Aanbieding

### Kinderen tussen 8 en 17 jaar?

Open een gratis ING Go to 18 rekening Kinderen tussen 8 en 17 jaar?

### Overzicht kinderen

Volg de financiën van je kind eenvoudig via de ING Banking app
Overzicht kinderen Aanbieding

### Kinderen tussen 8 en 17 jaar?

Open een gratis ING Go to 18 rekening Kinderen tussen 8 en 17 jaar?

### Overzicht kinderen

Volg de financiën van je kind eenvoudig via de ING Banking app
Overzicht kinderen"
https://www.ing.be/nl/particulieren/kinderen;2;70;70.3735597019848900025.txt;"# Bankieren voor je kind - ING België - De bank voor je kind

## Vanaf de geboorte: begin te sparen voor je kind

Gezonde spaargewoonten aanleren, is een flinke stap op weg naar een veilige en lonende financiële toekomst.
* De spaaroplossingen van ING helpen jou en je kind op weg.
* **Spaar voor hun en/of leer hen zelf te sparen:** onze spaaroplossingen leveren jou en je kind tal van voordelen op.
* **Ouderlijk toezicht:** Dankzij deze functionaliteit kun je als ouder of voogd in de app het overzicht van alle transacties op deze rekening checken.

### Sparen voor particulieren

Bouw met gemak een financiële reserve op. Ontdek de oplossingen om te sparen op uw eigen tempo.
Sparen voor particulieren

### Sparen voor particulieren

Bouw met gemak een financiële reserve op. Ontdek de oplossingen om te sparen op uw eigen tempo.
Sparen voor particulieren

## ING Banking app en Overzicht Kinderen

### Blijf op de hoogte van je eigen financiën én die van je kind via de ING Banking app.

* Volg het uitgavenpatroon van je kind door pushmeldingen te activeren?
* Stel een terugkerende wekelijkse of maandelijkse zakgeldbetaling in?
* Krijg toegang tot alle ouderlijke controlefuncties?
* Bevries tijdelijk de debetkaart van je kind"
https://www.ing.be/nl/particulieren/kinderen;3;71;71.3735597019848900025.txt;"# Bankieren voor je kind - ING België - De bank voor je kind

## Tips voor het bankieren van elke dag

### Automatisch sparen

Sparen? Makkelijk met een doorlopende betalingsopdracht!
4 oktober 2022 Automatisch sparen

### Hoe een spaarplan opbouwen?

Er bestaan verschillende opties, afhankelijk van jouw behoeften en jouw beleggersprofiel.
7 juni 2023 Hoe een spaarplan opbouwen?

### Spaar zonder het te voelen!

Met ING Save Up, spaar je kleine bedragen zonder dat je het zelf doorhebt!
Spaar zonder het te voelen!

### Hoeveel zou je best sparen?

Ontdek onze 4 tips over hoe te bepalen welk bedrag je best zou sparen.
7 juni 2023 Hoeveel zou je best sparen?

### Automatisch sparen

Sparen? Makkelijk met een doorlopende betalingsopdracht!
4 oktober 2022 Automatisch sparen

### Spaar zonder het te voelen!

Met ING Save Up, spaar je kleine bedragen zonder dat je het zelf doorhebt!
Spaar zonder het te voelen!

### Hoe een spaarplan opbouwen?

Er bestaan verschillende opties, afhankelijk van jouw behoeften en jouw beleggersprofiel.
7 juni 2023 Hoe een spaarplan opbouwen?

### Hoeveel zou je best sparen?

Ontdek onze 4 tips over hoe te bepalen welk bedrag je best zou sparen.
7 juni 2023 Hoeveel zou je best sparen?"
https://www.ing.be/nl/particulieren/kinderen;4;72;72.3735597019848900025.txt;"# Bankieren voor je kind - ING België - De bank voor je kind

## Tips om te sparen

### SOS spaargeld: hoeveel moet je sparen per maand?

Artikel | De gouden geldregel voor maandelijks sparen.
19 september 2023 SOS spaargeld: hoeveel moet je sparen per maand?

### Een startkapitaal voor je kind

Hoe kun je als ouder je kind de helpende hand bieden die het nodig heeft?
9 juni 2024 Een startkapitaal voor je kind

### Leer kinderen sparen met 5 tips

Ontdek hier hoe jongeren te leren sparen met een kinderspaarrekening.
26 mei 2024 Leer kinderen sparen met 5 tips

### SOS spaargeld: hoeveel moet je sparen per maand?

Artikel | De gouden geldregel voor maandelijks sparen.
19 september 2023 SOS spaargeld: hoeveel moet je sparen per maand?

### Leer kinderen sparen met 5 tips

Ontdek hier hoe jongeren te leren sparen met een kinderspaarrekening.
26 mei 2024 Leer kinderen sparen met 5 tips

### Een startkapitaal voor je kind

Hoe kun je als ouder je kind de helpende hand bieden die het nodig heeft?
9 juni 2024 Een startkapitaal voor je kind"
https://www.ing.be/nl/particulieren/kinderen/overzicht-kinderen;1;95;95.3419825596050476942.txt;"# Overzicht Kinderen - ING België - Overzicht kinderen

## Beheer eenvoudig alle bankrekeningen van je kinderen in één overzichtelijke weergave

Het beheren van de bankrekeningen van je kinderen is nu eenvoudiger en intuïtiever. Met Overzicht kinderen, een nieuwe functie in de ING Banking-app, hebben ouders een speciale ruimte om gereguleerde zicht- en spaarrekeningen van hun kinderen duidelijk en gecontroleerd te bekijken en te beheren.
* ***Kaart onmiddellijk pauzeren of opnieuw activeren***
*Met de Pauzeer-knop kun je de uitgaven van je kind met één klik pauzeren — geen telefoontjes, geen gedoe. Kaart kwijt of even controle nodig? Snel en eenvoudig. Activeer opnieuw op elk moment, gewoon via de ING-app.*
* ***Behoud de controle met ouderlijk toezicht***
*Beheer je kind zijn/haar kaartlimieten, contactloze en online betalingen, blokkeer de bankkaart via Card Stop indien nodig. Je kunt ook pushmeldingen activeren om de uitgaven van je kind te volgen – en dat allemaal op één plek.*
* ***Stort zakgeld rechtstreeks vanuit het profiel van je kind***
Moedig slimme geldgewoonten aan door automatisch zakgeld te storten.
Het is intuïtief en ontworpen voor het echte ouderschap!

## De app is nu eenvoudiger voor kinderen en tieners

We weten dat het navigeren in een bankapp overweldigend kan aanvoelen voor kinderen en tieners. Daarom hebben we de ervaring opnieuw ontworpen met hen in gedachten: minder tabbladen, eenvoudigere navigatie en duidelijkere opties.
De ING Banking-app is nu toegankelijk voor kinderen vanaf 10 jaar. Dit geeft je de perfecte kans om het gesprek vroeg te starten en hen te helpen om met vertrouwen hun financiële reis aan te gaan."
https://www.ing.be/nl/particulieren/kinderen/overzicht-kinderen;2;96;96.3419825596050476942.txt;"# Overzicht Kinderen - ING België - Overzicht kinderen

## Meest gestelde vragen

### Wie heeft toegang tot het Overzicht kinderen?

Alleen ouders of wettelijke voogden met rekeningen die gekoppeld zijn aan het profiel van hun kind, hebben toegang en kunnen het Overzicht kinderen beheren.

### Is het makkelijk om te schakelen tussen mijn rekening en het Overzicht Kinderen?

Absoluut. De interface is ontworpen voor snelle en naadloze navigatie tussen je eigen rekeningen en het overzicht van je kind.

### Hoe krijg ik toegang tot het Overzicht kinderen?

Je kunt het Overzicht kinderen openen door in te loggen in de ING Banking-app. Je vindt de toegang direct tussen je rekeningen. Deze functie is niet beschikbaar in Home’Bank.

### Zie ik hoe mijn kind zijn of haar geld uitgeeft?

Zeker. Je krijgt een volledig overzicht van hun transacties, inclusief de belangrijkste uitgavencategorieën.

### Welke ouderlijke controles zijn beschikbaar?

Je kunt pushmeldingen activeren om de uitgaven van je kind te volgen, uitgavenlimieten instellen, kaartinstellingen beheren, een debetkaart bestellen en meer.

### Kan mijn kind zijn of haar eigen overzicht bekijken?

Het Overzicht kinderen is alleen toegankelijk voor ouders of wettelijke voogden. Als je kind een zichtrekening heeft, kan hij of zij vanaf 10 jaar de banking-app gebruiken om het saldo en de transactiegeschiedenis te bekijken. Hun toegang is echter beperkt: ze kunnen bijvoorbeeld geen kaartlimieten wijzigen of een gepauzeerde kaart opnieuw activeren. De volledige controle blijft bij de ouder.

### Kan ik het profiel van mijn kind personaliseren?

Ja! Je kunt een profielfoto toevoegen om de omgeving aantrekkelijker en persoonlijker te maken voor je kind.

### Kan ik meerdere kinderrekeningen beheren?

Ja, elk kind krijgt een eigen gepersonaliseerd overzicht, waardoor het eenvoudig is om tussen profielen te schakelen."
https://www.ing.be/nl/particulieren/kinderen/overzicht-kinderen;3;97;97.3419825596050476942.txt;"# Overzicht Kinderen - ING België - Overzicht kinderen

## Meest gestelde vragen

### Waarom zie ik geen andere producten dan de gereguleerde zicht- en spaarrekeningen van mijn kinderen in het Overzicht kinderen?

ING Invest-rekening, ING MC-rekening, ING-termijnrekening of ING-lange termijnrekening – blijven voorlopig zichtbaar in je persoonlijke overzicht en nog niet in het Kinderoverzicht."
https://www.ing.be/nl/particulieren/kinderen/overzicht-kinderen;4;98;98.3419825596050476942.txt;"# Overzicht Kinderen - ING België - Overzicht kinderen

## Geïnteresseerd in het openen van een rekening voor je kinderen?

Aanbieding

### Kinderen tussen 8 en 17 jaar?

Open een gratis ING Go to 18 rekening Kinderen tussen 8 en 17 jaar?

### Vergelijk onze spaarrekeningen voor jongeren

Laat het spaargeld van je kind groeien: Vind de geschikte gereglementeerde spaarrekening voor je kind
Vergelijk onze spaarrekeningen voor jongeren Aanbieding

### Kinderen tussen 8 en 17 jaar?

Open een gratis ING Go to 18 rekening Kinderen tussen 8 en 17 jaar?

### Vergelijk onze spaarrekeningen voor jongeren

Laat het spaargeld van je kind groeien: Vind de geschikte gereglementeerde spaarrekening voor je kind
Vergelijk onze spaarrekeningen voor jongeren"
https://www.ing.be/nl/particulieren/beleggen/je-fiscale-attesten;1;109;109.1879780142886956417.txt;"# Je fiscale attesten downloaden - ING België

Leestijd: 2 min 09 februari 2025 Ieder jaar opnieuw verlies je kostbare tijd met het verzamelen van alle documenten voor het invullen van je belastingaangifte.
Om je het leven makkelijker te maken, staan al je attesten op één plaats. ? Ontdek ze in 'Mijn Documenten' in Home'Bank.

### Je fiscale attesten gemakkelijk en veilig online toegankelijk

* Installeer itsme op je smartphone om veilig in te loggen in Home’Bank.?
* Raadpleeg je fiscale attesten in de rubriek ‘Documenten’. ?
* Je fiscale attesten zijn ook beschikbaar via de ING Banking-app in de rubriek 'Documenten'.
Gebruik itsme ook om in te loggen op Tax-on-web voor je online belastingaangifte."
https://www.ing.be/nl/particulieren/beleggen/je-fiscale-attesten;2;110;110.1879780142886956417.txt;"# Je fiscale attesten downloaden - ING België

### Mijn beleggingen

Star Fund: beschikbaar vanaf midden maart 2025Waar vind je het fiscaal attest ?In de ING Banking-app
* Klik rechts bovenaan op het symbool 'alert'
* Het fiscaal attest (Fiche 281.60) bevindt zich onder de tegel 'Documenten' in het midden van het scherm
In Home'Bank
* Ga, in 'Overzicht', naar 'Investeringsrekeningen'. Klik vervolgens op de Star Fund-beleggingsrekening.
* Het fiscaal attest (Fiche 281.60) bevindt zich onder 'Documenten' in de linkerkolom en eveneens onder de tegel 'Documenten' onderaan het scherm.
Heb je attesten van vorige inkomstenjaren nodig ?
* Ga in Home'Bank naar het profielicoontje rechts bovenaan.
* Klik dan op 'Documenten'.
* Verder op de pagina staat een link naar afgesloten contracten.
**ING Life Star Plan, ING Life Pension Plan, ING Star Life, ING Life Plan** : beschikbaar in de week van 17 februari 2025.
Attesten van voor inkomstenjaar 2017 nodig ? Kies in Home’Bank 'Investeringsrekeningen > Consulteer uw levensverzekeringen > Mijn levensverzekeringen' > Selecteer je spaar- en beleggingsverzekering > klik op 'Acties > Details > Duplicaten'.

### Mijn leningen

**ING Hypothecaire Kredieten:** beschikbaar begin maart 2025.
Attesten van voor inkomstenjaar 2022 nodig? Kies in Home’Bank of de ING Banking-app overzicht > Woonkredieten > Selecteer je ING Hypothecair krediet > Documenten > ‘Vraag documenten aan’."
https://www.ing.be/nl/particulieren/beleggen/je-fiscale-attesten;3;111;111.1879780142886956417.txt;"# Je fiscale attesten downloaden - ING België

### Mijn verzekeringen

**ING Schuldsaldoverzekering Hypothecair Krediet, ING Tijdelijke Overlijdensverzekering, ING Overlijdensverzekering met Vast Kapitaal:** beschikbaar vanaf eind februari 2024.
Attesten van voor inkomstenjaar 2017 nodig ? Kies in Home’Bank 'Verzekeren' > Selecteer je schuldsaldoverzekering/overlijdensverzekering > klik op 'Acties > Details > Duplicaten'."
https://www.ing.be/nl/particulieren/beleggen/je-fiscale-attesten;4;112;112.1879780142886956417.txt;"# Je fiscale attesten downloaden - ING België

### Attesten worden per post verstuurd

Voor de volgende producten worden de attesten per post verstuurd:
* ING Business Pension Plan (BPP): **eind april**
* ING Aanvullend Pensioen Zelfstandigen: **eind april**
* AXA Vrij Aanvullend Pensioenplan voor Zelfstandigen: **eind april**
* AXA Individuele Pensioentoezegging (IPT): **eind mei**"
https://www.ing.be/nl/particulieren/diensten/doe-het-zelf-zone-rib;1;225;225.6978265056327981749.txt;"# Attest bankidentiteit (RIB) - ING België - Attest Bankidentiteit aanvragen (RIB)

Leestijd: 4 min 30 juni 2024 Een attest is nodig om je bankidentiteit te bevestigen
Het Attest Bankidentiteit - ook gekend onder de Franse term RIB - bewijst dat een of meerdere personen houder zijn van een rekening bij ING op een bepaalde datum.

## Hoe vraag je je RIB aan?

Dat kan gratis via:Home'Bank of Business'Bank
* Log in
* Klik rechtsboven op je naam
* Selecteer "" **Documenten""**
* Klink onderaan op "" **Document aanvragen""**
ING Banking-appDiensten > Rekeningen > RIB Vraag je RIB aan Lukt aanvragen niet?We helpen je graag persoonlijk! Particuliere klanten https://www.ing.be/nl/particulieren/diensten/contacteer-ons
Professionele klanten https://www.ing.be/nl/professioneel/diensten/contacteer-ons"
https://www.ing.be/nl/particulieren/diensten/ing-save-up-voor-minderjarige;1;286;286.4708357105330809090.txt;"# ING Save Up voor minderjarigen – Spaar je wisselgeld als kind - ING België

Nu ook beschikbaar voor jongeren onder de 18!"
https://www.ing.be/nl/particulieren/diensten/ing-save-up-voor-minderjarige;2;287;287.4708357105330809090.txt;"# ING Save Up voor minderjarigen – Spaar je wisselgeld als kind - ING België - ING Save Up voor jongeren onder de 18

## Help je kind eenvoudig en automatisch sparen!

Je bent nooit te jong om goede spaargewoonten aan te leren. Een beetje sparen bij elke in aanmerking komende betaling is een leuke manier om ongemerkt geld opzij te zetten. Kijk hoe kleine bedragen snel optellen!

## Wat is ING Save Up?

ING Save Up is een gratis dienst die je helpt sparen door bepaalde betalingen van je zichtrekening naar boven af te ronden op het dichtstbijzijnde hele eurobedrag. Aan het einde van elke dag wordt het totaal van deze afgeronde bedragen overgeschreven naar je spaarrekening.

#### Wat zijn de voorwaarden om deze dienst te gebruiken?

Om ING Save Up te gebruiken moet je:
* minstens 10 jaar oud zijn
* zowel een zichtrekening als een in aanmerking komende spaarrekening bij ING hebbe
Hoe activeer je ING Save Up voor je kind? Als je je kind volledige rechten(*Bij het openen van een spaarrekening voor je kind kun je ervoor kiezen om hem/haar het recht te geven het geld zelf te beheren vanaf 10 jaar. Dit kan je later aanpassen in je kantoor.) hebt gegeven op beide rekeningen, kan hij/zij de dienst zelf activeren via de ING Banking app. Anders kun jij als wettelijke vertegenwoordiger ING Save Up activeren voor je kind via je eigen app."
https://www.ing.be/nl/particulieren/diensten/ing-save-up-voor-minderjarige;3;288;288.4708357105330809090.txt;"# ING Save Up voor minderjarigen – Spaar je wisselgeld als kind - ING België - ING Save Up voor jongeren onder de 18

## Spaar nog sneller met de spaarversneller

Activeer de spaarversneller en het gespaarde bedrag wordt verdrievoudigd. Elke keer dat een bedrag wordt afgerond en overgeschreven via ING Save Up, wordt het verdrievoudigd.
**Voorbeeld:** als je kind een drankje koopt voor €2,40, rondt ING Save Up dit af naar €3,00 en wordt er €0,60 gespaard. Met de spaarversneller wordt dit bedrag verdrievoudigd tot €1,80.
START TABLE IN MARKDOWN
| Transactie met zichtrekening | Afronding naar boven | Spaarversneller | Gespaard bedrag |
| - | - | - | - |
| €2.40 | €0.60 | x1 | €0.60 |
| €2.40 | €0.60 | x3 | €1.80 (= €0.60 x 3) |
END TABLE IN MARKDOWN
Algemene voorwaarden ING Save Up Activeer ING Save Up voor je kind"
https://www.ing.be/nl/particulieren/diensten/ing-save-up-voor-minderjarige;4;289;289.4708357105330809090.txt;"# ING Save Up voor minderjarigen – Spaar je wisselgeld als kind - ING België - ING Save Up voor jongeren onder de 18

## Heb je nog vragen?

Lees meer over ING Save Up"
https://www.ing.be/nl/particulieren/diensten/kaart-verificatie-code;1;343;343.4846529262656887091.txt;"# Card Verification Code - ING België - Card Verification Code (CVC) of Card Verification Value (CVV)

Leestijd: 2 min 24 juni 2022 De CVC of CVV is een 3-cijferige code, vermeld op de achterkant van je kredietkaart, naast het vak voor je handtekening.
De CVC of CVV vind je alleen op kredietkaarten. Je hebt ze nodig om online betalingen te doen. De code telt 3 cijfers en staat op achterkant van je kredietkaart naast het vak voor je handtekening.
American Express-kaarten hebben een code van 4 cijfers op de voorkant boven het kredietkaartnummer."
https://www.ing.be/nl/particulieren/diensten/persoonlijke-gegevens-raadplegen-wijzigen;1;390;390.1956406165540042577.txt;"# Mijn persoonlijke gegevens raadplegen en wijzigen - ING België

Gemakkelijk via Home'Bank en de ING Banking-app!"
https://www.ing.be/nl/particulieren/diensten/persoonlijke-gegevens-raadplegen-wijzigen;2;391;391.1956406165540042577.txt;"# Mijn persoonlijke gegevens raadplegen en wijzigen - ING België

Nieuw adres? Van telefoonnummer of e-mail veranderd? Of een nieuwe job?
Of ben je niet zeker of ING wel de juiste informatie heeft?
Ontdek hoe je je persoonlijke gegevens veilig online kan aanpassen in de ING Banking-app en Home’Bank.
Mijn gegevens raadplegen via Home’Bank Download de ING Banking-app

## Hoe pas ik mijn gegevens aan in de ING Banking-app?

1. 1

#### Ga naar 'Diensten'

Open je ING Banking-app en selecteer ‘Diensten’ rechtsonder.
2. 2

#### Klik op ‘Persoonlijke gegevens’

Hier zie je het overzicht van al je identiteitsgegevens, je contactgegevens en je beroepsstatus. Ontbreekt er iets of staat er oude informatie? Pas het dan direct aan.
3. 3

#### Werk je informatie bij

Kies welke informatie je wilt bijwerken: wettelijk adres, e-mail, gsm-nummer of contact adres. Of update alles in 1 keer en ontvang je gegevens vanuit itsme®.

### Of bekijk onderstaande video met stapsgewijze instructies.

### Hoe pas ik mijn gegevens aan in Home’Bank?

Pas hier je persoonlijke gegevens aan in Home'Bank .
Of volg deze stappen:
1. Klik op 'Meld je aan' rechtsboven.
2. Klik op je naam en dan op 'Persoonlijke gegevens'.
Hier zie je het overzicht van al je persoonsgegevens. Ontbreekt er iets of staat er oude informatie? Pas het dan direct aan.
3. Werk je informatie bij. Kies welke informatie je wilt bijwerken: wettelijk adres, e-mail, gsm-nummer of contact adres. Of update alles in 1 keer en ontvang je gegevens vanuit itsme®."
https://www.ing.be/nl/particulieren/diensten/persoonlijke-gegevens-raadplegen-wijzigen;3;392;392.1956406165540042577.txt;"# Mijn persoonlijke gegevens raadplegen en wijzigen - ING België

## Ieder jaar even je gegevens nakijken

Maak er een goede gewoonte van om jaarlijks je gegevens na te kijken. Dit duurt maar enkele minuten. Zo ben je up-to-date en weet je zeker dat bijvoorbeeld die nieuwe bankkaart bij jou in de brievenbus belandt.
Bekijk mijn persoonlijke gegevens Kijk ook even na wie er allemaal toegang heeft tot je rekeningen, van volmachthebbers tot medehouders en pas aan waar nodig.
Bekijk wie er toegang heeft tot mijn rekeningen"
https://www.ing.be/nl/particulieren/diensten/persoonlijke-gegevens-raadplegen-wijzigen;4;393;393.1956406165540042577.txt;"# Mijn persoonlijke gegevens raadplegen en wijzigen - ING België

## Welke persoonsgegevens heeft ING nodig?

Het up-to-date houden van je persoonlijke gegevens is van vitaal belang voor identificatie, communicatie, veiligheid en diverse juridische redenen.

### Wettelijk adres en contactadres

Door je adres up-to-date te houden, ben je er zeker van dat we belangrijke brieven naar het juiste adres sturen. Denk aan brieven met officiële documenten, zoals bijvoorbeeld bij de vervanging van je bankkaart of bij het aanvragen van een nieuwe kaart.
Je **wettelijk adres** (of je domicilie) is het adres waar je officieel bent ingeschreven. Deze informatie moet correct zijn om te voldoen aan diverse wettelijke en reglementaire vereisten om zo onze systemen te beschermen en financiële criminaliteit te bestrijden.
Via itsme® kan je je wettelijk adres in een paar minuten updaten. Heb je geen itsme® of is je wettelijk adres daar nog niet correct, dan heb je twee opties:
* je kan de adreswijziging in de ING Banking-app of Home’Bank handmatig toevoegen. We moeten je adres dan nog met de overheid checken, wat 2 maanden kan duren. Maar wees gerust: we gaan onmiddelijk aan de slag met je nieuwe adres en we houden je op de hoogte wanneer het bevestigd is.
* je kan naar een CASH-punt gaan. Binnen enkele ogenblikken worden je identiteitsgegevens gesynchroniseerd. Je hoeft enkel je ING-bankkaart en je identiteitskaart mee te nemen.
Woon je op een ander adres dan je wettelijk adres? Dan spreken we over je **contactadres** . Dit kan je invullen indien je je brieven op een ander adres wilt ontvangen dan op je huidige domicilie.
Verhuis je naar het buitenland? Of omgekeerd, van het buitenland naar België? Ontdek wat je moet doen bij de ‘Veelgestelde vragen’ onderaan deze pagina."
https://www.ing.be/nl/particulieren/diensten/persoonlijke-gegevens-raadplegen-wijzigen;5;394;394.1956406165540042577.txt;"# Mijn persoonlijke gegevens raadplegen en wijzigen - ING België

## Welke persoonsgegevens heeft ING nodig?

### E-mailadres

Een correct e-mailadres is van belang om eenvoudig op de hoogte te blijven van officiële communicatie zoals bij het openen, aanpassen of sluiten van een bankproduct.
Indien je hier je toestemming voor geeft, ontvang je eveneens gepersonaliseerde e-mails voor advies op maat, commerciële buitenkansjes, enquetes en uitnodigingen voor evenementen en nieuwsbrieven.

### Gsm-nummer

Je gsm-nummer is van cruciaal belang voor de beveiliging van je bankzaken. Dit nummer wordt gebruikt om je op de hoogte te houden van allerlei zaken: informatie over een nieuwe kaart, het aanvragen van een nieuwe PIN-code, bevestiging van de aanpassing van persoonlijke gegevens, de activatie van de ING Banking-app enzoverder.
We contacteren je ook pro-actief met berichten rond fraude en dankzij een correct telefoonnummer kunnen we je bij contact gemakkelijker identificeren en je sneller helpen.
Heb je een buitenlands nummer? Geen probleem, selecteer de juiste landcode en volg de stappen."
https://www.ing.be/nl/particulieren/diensten/persoonlijke-gegevens-raadplegen-wijzigen;6;395;395.1956406165540042577.txt;"# Mijn persoonlijke gegevens raadplegen en wijzigen - ING België

## Welke persoonsgegevens heeft ING nodig?

### Beroep

Het doorgeven en up-to-date houden van je beroep is nodig om te voldoen aan de wet van 18 sepember 2017 ter voorkoming van witwassen en financiëren van terrorisme. Voldoe aan deze wetgeving en help ons zo om onze systemen te beschermen en financiële criminaliteit te bestrijden."
https://www.ing.be/nl/particulieren/diensten/persoonlijke-gegevens-raadplegen-wijzigen;7;396;396.1956406165540042577.txt;"# Mijn persoonlijke gegevens raadplegen en wijzigen - ING België

## Je persoonlijke gegevens updaten met itsme®

Wil je meerdere gegevens updaten? Dan gaat dit gemakkelijk in 1 keer met itsme®. Zo kan je je digitale identiteit bevestigen en je persoonsgegevens updaten.
Let op: kijk eerst na of je gegevens in de itsme®-app up-to-date zijn.
Meer informatie over itsme®"
https://www.ing.be/nl/particulieren/diensten/persoonlijke-gegevens-raadplegen-wijzigen;8;397;397.1956406165540042577.txt;"# Mijn persoonlijke gegevens raadplegen en wijzigen - ING België

## Veelgestelde vragen

### Hoe pas ik de persoonlijke gegevens aan van mijn kind(eren)?

Je kan de persoonlijke gegevens van je kind(eren) aanpassen via hun profiel in de ING Banking-app of Home’Bank.
1. Log in de app of Home’Bank van je kind
2. Ga naar ‘Persoonlijke gegevens’. Hier zie je het overzicht van al de persoonlijke gegevens van je kind. Ontbreekt er iets of staat er oude informatie? Pas het dan direct aan.
Ben je verhuisd? Dan kan je bij het aanpassen van je eigen wettelijk adres ook aangeven om het adres van je kind(eren) mee aan te passen.
Let op: dit kan alleen voor kinderen die bij ING gekend zijn.
Wil je je kind leren omgaan met geld? Ontdek dan de ING Go to 18 Jongerenrekening .

### Ik heb geen itsme®. Hoe kan ik mijn persoonlijke gegevens updaten?

Ook zonder itsme® kan je gemakkelijk je persoonlijke gegevens één voor één aanpassen via de ING Banking-app of in Home’Bank.

### Ik verhuis. Wat nu?

Verlaat je Hotel Mama? Of ben je klaar voor een nieuwe stap in je leven? Daar komt heel wat administratieve rompslomp bij kijken.
Via itsme® kan je je wettelijk adres in een paar minuten updaten. Heb je geen itsme® of is je wettelijk adres daar nog niet correct, dan heb je twee opties:
* je kan je de adreswijziging in de ING Banking-app of Home’Bank handmatig toevoegen. We moeten je adres dan nog met de overheid checken, wat 2 maanden kan duren. Maar wees gerust: we gaan onmiddelijk aan de slag met je nieuwe adres en we houden je op de hoogte wanneer het bevestigd is.
* je kan naar een CASH-punt gaan. Binnen enkele ogenblikken worden je identiteitsgegevens gesynchroniseerd. Je hoeft enkel je ING-bankkaart en je identiteitskaart mee te nemen.
Wij geven je ook een compleet overzicht zodat jij weet wie je moet verwittigen bij je verhuis."
https://www.ing.be/nl/particulieren/diensten/persoonlijke-gegevens-raadplegen-wijzigen;9;398;398.1956406165540042577.txt;"# Mijn persoonlijke gegevens raadplegen en wijzigen - ING België

## Veelgestelde vragen

### Ik verhuis naar het buitenland. Wat nu?

Je kan je adreswijziging in de ING Banking-app of Home’Bank handmatig toevoegen. We moeten je adres dan nog checken, wat even kan duren. Bij ontbrekende of foute informatie nemen we contact met je op. Maar wees gerust: we gaan onmiddelijk aan de slag met je nieuwe adres en we houden je op de hoogte wanneer het bevestigd is.
Tip: zorg ervoor dat je e-mailadres en GSM-nummer correct zijn, zo kunnen we je gemakkelijk en snel contacteren en informeren.

### Ik verhuis naar België. Wat nu?

Welkom in België! Je kan je Belgische adres opgeven via itsme®, zelf invoeren, of gemakkelijk laten synchroniseren bij een CASH-punt."
https://www.ing.be/nl/particulieren/diensten/persoonlijke-gegevens-raadplegen-wijzigen;10;399;399.1956406165540042577.txt;"# Mijn persoonlijke gegevens raadplegen en wijzigen - ING België

## Veelgestelde vragen

### Welke documenten worden aanvaard om een adreswijziging aan te vragen?

Is je nieuwe **adres in België** , dan kan je dit gemakkelijk met itsme® of manueel invullen en heb je geen bijkomende documenten nodig.
Is je nieuwe **adres binnen de Europese Unie** , dan kan je je nieuwe adres bewijzen aan de hand van een foto of een scan van de volgende documenten:
* Rijbewijs
* Belastingsaangifte (minder dan 1 jaar oud)
* Belastingsafrekening (minder dan 1 jaar oud)
* Kiesbrief (minder dan 1 jaar oud)
* Document sociale zekerheid (minder dan 1 jaar oud)
* Elektriciteit-, gas- of waterrekening (minder dan 3 maanden oud)
* Verklaring notaris of notariële akte, opgesteld in de EU (minder dan 3 maanden oud)
Zorg voor een duidelijk en correct adres dat overeenstemt met wat je handmatig invult en gebruik een van de volgende formaten bij het uploaden van een enkel bestand jpg, jpeg, png, pdf, bmp.
Is je nieuwe **adres buiten de Europese Unie** , dan kan je je nieuwe adres bewijzen aan de hand van een foto of een scan van de volgende documenten:
* Identiteitskaart
* Rijbewijs
* Belastingsaangifte (minder dan 1 jaar oud)
* Belastingsafrekening (minder dan 1 jaar oud)
* Kiesbrief (minder dan 1 jaar oud)
Zorg voor een duidelijk en correct adres dat overeenstemt met wat je handmatig invult en gebruik een van de volgende formaten bij het uploaden van een enkel bestand jpg, jpeg, png, pdf, bmp.

### Mijn burgelijk staat verandert. Wat nu?

Sta je voor een nieuw sleutelmoment in je leven? Zorg er dan ook voor dat je burgelijke staat correct aangegeven is.
Klopt dit niet? Pas het eenvoudig zelf aan via de ING Banking app of Home'Bank .
1. Tik op 'Diensten' rechtsonder
2. Selecteer 'Persoonlijke gegevens' en wijzig je burgerlijke staat."
https://www.ing.be/nl/particulieren/diensten/persoonlijke-gegevens-raadplegen-wijzigen;11;400;400.1956406165540042577.txt;"# Mijn persoonlijke gegevens raadplegen en wijzigen - ING België

## Veelgestelde vragen

### Mijn adres in itsme® is niet correct. Wat nu?

Controleer eerst en vooral of je adres bij de officiële instanties is bijgewerkt. En volg dan de nodige stappen .

### Wat te doen bij het overlijden van een dierbare?

Ondanks de pijn dwingt het overlijden van een dierbare ons tot het nemen van talrijke administratieve stappen en formaliteiten bij onze bank. Alle info vind je hier ."
https://www.ing.be/nl/particulieren/diensten/persoonlijke-gegevens-raadplegen-wijzigen;12;401;401.1956406165540042577.txt;"# Mijn persoonlijke gegevens raadplegen en wijzigen - ING België

## Veelgestelde vragen

### Hoe werk ik mijn identiteitskaart gegevens bij?

Je kan je identiteitskaart gegevens updaten bij een CASH-punt (Batopin) in je buurt.
Hoe werkt het?
1. Steek je debetkaart in een CASH-punt automaat.
2. Tik op “Mijn persoonlijke gegevens wijzigen”.
3. Verwijder je debetkaart uit de automaat.
4. Steek je identiteitskaart in de automaat.
e kunt jouw identiteitskaart (eID) ook bijwerken in de Kiosk in een ING-kantoor, of als je een eID-kaartlezer hebt, kun je de bijgewerkte gegevens ook op afstand met ING delen via deze link .
."
https://www.ing.be/nl/particulieren/mijn-leven/vrije-tijd-en-reizen/betalen-met-maestro-buitenland;1;494;494.2100049708990029432.txt;"# ING Maestro/Mastercard : jouw debetkaart in het buitenland - ING België - Gebruik je ING-debetkaart buiten Europa

Leestijd: 3 min 13 juni 2024 Het is niet nodig om je ING-debetkaart te activeren om buiten Europa te betalen en geld af te halen.

## De ING-debetkaart werkt automatisch buiten Europa

Standaard kan je bij alle geldautomaten met het Maestro- Mastercard-logo wereldwijd geld opnemen met je debetkaart."
https://www.ing.be/nl/particulieren/mijn-leven/vrije-tijd-en-reizen/betalen-met-maestro-buitenland;2;495;495.2100049708990029432.txt;"# ING Maestro/Mastercard : jouw debetkaart in het buitenland - ING België - Gebruik je ING-debetkaart buiten Europa

## Geen 100% garantie dat de Maestro-/Mastercard- debetkaarten in alle regio's aanvaard worden

**Opgelet** : we kunnen geen 100% garantie bieden dat de Maestro-/Mastercard- debetkaarten in volgende regio's aanvaard worden.
**Indonesië**
(*In Maleisië kunnen de houders van een Maestro-Mastercard-betaalkaart tijdelijk geen geld opnemen bij 5 banken, namelijk: Malayan Banking Berhad ,Mayban Finance Berhad, AmBank (M) Berhad, Hong Leong Bank Berhad, RHB Bank Berhad.)In Indonesië kunnen de houders van een Maestro-/Mastercard-debetkaart en/of een kredietkaart tijdelijk geen geld opnemen bij 3 banken, namelijk: Bank Central Asia (zowel Maestro, Mastercard als kredietkaart), Bank Negara Indonesia (Maestro),Bank Permata (Maestro).
Ze kunnen wel geld opnemen bij elf andere banken, namelijk Commonwealth Bank of Australia, Bank MANDIRI (PERSERO), Bank Rakyat Indonesia (Persero), Bank Internasional Indonesia, Bank CIMB Niaga, Bank Danamon Indonesia, Pan Indonesia Bank(Bank Panin), Citishare Corporation, HSBC - The Hongkong and Shanghai, Banking Corporation Limited en BANK ANZ INDONESIA.
• De houders van een Maestro-/Mastercard-debetkaart en/of kredietkaart kunnen op dit moment wel electronisch betalen in winkels en restaurants met het Maestro-, Mastercard- of Visa-logo op de deur of aan de kassa.
**Maleisië**
• Ze kunnen wel geld opnemen bij negen andere banken, namelijk CIMB Bank Berhad, HSBC Bank Malaysia Berhad, Alliance Bank Malaysia Berhad, Bank Simpanan Nasional, Standard Chartered Bank Malaysia Berhad, Bank Simpanan Nasional en Affin Bank Berhad
• De houders van een Maestro-Mastercard-debetkaart en/of kredietkaart kunnen op dit moment wel electronisch betalen in winkels en restaurants met het Maestro-, Mastercard- of Visa-logo op de deur of aan de kassa.
**Latijns-Amerika**
\*In de meeste Latijns-Amerikaanse landen kan de klant Maestro-Mastercard-ATM-verrichtingen en kredietkaart-ATM-verrichtingen doen. Slecht bij een handvol handelaars en/of banken (+/- 23) kan de klant problemen ondervinden.
Open ATM’s
• Peru: Scotiabank en Interbank
• Ecuador: Banco Pichincha en Banco Procredit
• Bolivië: ATC network en Banco Los Andes Procredit
• Costa Rica: alle ATM-netwerken zijn open, behalve Banco Credita Agricolo.
Geblokkeerde ATM’s
• Peru: Unibanca en BBVA Continental
• Ecuador: Banco del Austro, Banco de Guayaquil en Banco Bolivariano.
• Bolivië : linkser netwerk
• Costa Rica : Banco Credito Agricolo.
**VS en Japan**
Mogelijke problemen om geld af te halen aan geldautomaten in Japan en de Verenigde Staten met de Maestro-kaart. De aanbieders van geldautomaten in Japan en bepaalde regio’s in de Verenigde Staten hebben besloten om vanaf 19 april 2022 extra maatregelen te nemen tegen eventuele frauduleuze transacties.
Voorstel:
• In de Verenigde Staten, proberen aan een geldautomaat van een andere bank. In Japan zou geen enkele automaat geldopnemingen met Maestro/Mastercard aanvaarden. De kredietkaart is het enige alternatief om er nog geld te kunnen afhalen.
• Met de bankkaart kan men wel nog steeds betalen, dit zowel in de Verenigde Staten als in Japan.
• Het is meer dan ooit sterk aan te raden om over een kredietkaart te beschikken indien men zich begeeft naar de VS of Japan."
https://www.ing.be/nl/particulieren/mijn-leven/vrije-tijd-en-reizen/betalen-met-maestro-buitenland;3;496;496.2100049708990029432.txt;"# ING Maestro/Mastercard : jouw debetkaart in het buitenland - ING België - Gebruik je ING-debetkaart buiten Europa

## Vergeet je kredietkaart niet!

**Kies voor een (aanvullend) alternatief: een kredietkaart van Mastercard of Visa.**
Uw Mastercard/Visa kredietkaart is het ideale alternatief voor uw debetkaart: ze biedt u een optimale veiligheid voor al uw betalingen in het buitenland. Standaard is deze wereldwijd bruikbaar. Bovendien zijn er diverse verzekeringen en voordelen aan uw kredietkaart gekoppeld."
